id,name,email,phone,tier,location,age
1,"Margaret Morris",margaret.morris.1@example.com,+15550001,Silver,"London",43
2,"Mary Perez",mary.perez.2@example.com,+15550002,Bronze,"Dubai",35
3,"Emma Young",emma.young.3@example.com,+15550003,Gold,"Tokyo",30
4,"Kevin Lee",kevin.lee.4@example.com,+15550004,Bronze,"Toronto",38
5,"Sharon Flores",sharon.flores.5@example.com,+15550005,Gold,"Sydney",20
6,"Matthew Rogers",matthew.rogers.6@example.com,+15550006,Silver,"Singapore",45
7,"Jacob Wilson",jacob.wilson.7@example.com,+15550007,Bronze,"Tokyo",37
8,"Debra Evans",debra.evans.8@example.com,+15550008,Gold,"Los Angeles",48
9,"Sandra Wilson",sandra.wilson.9@example.com,+15550009,Bronze,"Seattle",30
10,"Jonathan Mitchell",jonathan.mitchell.10@example.com,+15550010,Silver,"Boston",48
11,"Nancy Cruz",nancy.cruz.11@example.com,+15550011,Gold,"Los Angeles",62
12,"Samuel Ortiz",samuel.ortiz.12@example.com,+15550012,Silver,"San Francisco",38
13,"Karen Edwards",karen.edwards.13@example.com,+15550013,Gold,"Boston",52
14,"Jeffrey Turner",jeffrey.turner.14@example.com,+15550014,Silver,"Sydney",27
15,"Ashley Cruz",ashley.cruz.15@example.com,+15550015,Silver,"Boston",49
16,"Brian Torres",brian.torres.16@example.com,+15550016,Bronze,"Rome",39
17,"Brenda Lopez",brenda.lopez.17@example.com,+15550017,Gold,"Toronto",48
18,"Kenneth Perez",kenneth.perez.18@example.com,+15550018,Silver,"Dubai",53
19,"Donald Thomas",donald.thomas.19@example.com,+15550019,Platinum,"Singapore",19
20,"Donna Rodriguez",donna.rodriguez.20@example.com,+15550020,Bronze,"Berlin",18
21,"Justin Gonzalez",justin.gonzalez.21@example.com,+15550021,Bronze,"Dublin",22
22,"Debra Clark",debra.clark.22@example.com,+15550022,Bronze,"New York",37
23,"Ashley Green",ashley.green.23@example.com,+15550023,Silver,"Austin",18
24,"Jessica Scott",jessica.scott.24@example.com,+15550024,Silver,"Dublin",25
25,"Matthew Diaz",matthew.diaz.25@example.com,+15550025,Silver,"Sydney",42
26,"Timothy Nguyen",timothy.nguyen.26@example.com,+15550026,Bronze,"Paris",51
27,"Barbara Edwards",barbara.edwards.27@example.com,+15550027,Gold,"Toronto",37
28,"Joseph Ramirez",joseph.ramirez.28@example.com,+15550028,Platinum,"Chicago",18
29,"Samantha Cook",samantha.cook.29@example.com,+15550029,Silver,"Berlin",29
30,"Steven Harris",steven.harris.30@example.com,+15550030,Silver,"Berlin",31
31,"Anna Martinez",anna.martinez.31@example.com,+15550031,Bronze,"Sydney",60
32,"Stephen Miller",stephen.miller.32@example.com,+15550032,Gold,"New York",26
33,"David Reyes",david.reyes.33@example.com,+15550033,Gold,"Toronto",21
34,"Amy Murphy",amy.murphy.34@example.com,+15550034,Silver,"Mumbai",19
35,"Debra Nguyen",debra.nguyen.35@example.com,+15550035,Silver,"Madrid",49
36,"Karen Anderson",karen.anderson.36@example.com,+15550036,Silver,"Tokyo",30
37,"Joseph Flores",joseph.flores.37@example.com,+15550037,Silver,"Dublin",40
38,"Ashley Gutierrez",ashley.gutierrez.38@example.com,+15550038,Bronze,"London",30
39,"Lisa Miller",lisa.miller.39@example.com,+15550039,Platinum,"Madrid",65
40,"Brenda Thomas",brenda.thomas.40@example.com,+15550040,Bronze,"Tokyo",44
41,"Sharon Flores",sharon.flores.41@example.com,+15550041,Silver,"Paris",42
42,"Rachel Nguyen",rachel.nguyen.42@example.com,+15550042,Gold,"Sydney",50
43,"Michael Rodriguez",michael.rodriguez.43@example.com,+15550043,Bronze,"Sydney",22
44,"Gregory Lee",gregory.lee.44@example.com,+15550044,Silver,"Paris",39
45,"Jason Walker",jason.walker.45@example.com,+15550045,Platinum,"Los Angeles",21
46,"Angela Hernandez",angela.hernandez.46@example.com,+15550046,Bronze,"Tokyo",23
47,"Kimberly Walker",kimberly.walker.47@example.com,+15550047,Gold,"Rome",33
48,"Rebecca Hill",rebecca.hill.48@example.com,+15550048,Platinum,"Berlin",62
49,"Cynthia Turner",cynthia.turner.49@example.com,+15550049,Bronze,"Tokyo",64
50,"Brenda Wilson",brenda.wilson.50@example.com,+15550050,Gold,"Toronto",41
51,"Kimberly Murphy",kimberly.murphy.51@example.com,+15550051,Gold,"Dublin",52
52,"Laura Torres",laura.torres.52@example.com,+15550052,Silver,"Seattle",37
53,"Paul Diaz",paul.diaz.53@example.com,+15550053,Bronze,"Sydney",36
54,"William Morgan",william.morgan.54@example.com,+15550054,Bronze,"New York",56
55,"Gregory Ortiz",gregory.ortiz.55@example.com,+15550055,Gold,"London",58
56,"Gary Green",gary.green.56@example.com,+15550056,Silver,"Singapore",23
57,"Mark Young",mark.young.57@example.com,+15550057,Bronze,"Sydney",33
58,"Emma Johnson",emma.johnson.58@example.com,+15550058,Gold,"Austin",49
59,"Dorothy Torres",dorothy.torres.59@example.com,+15550059,Platinum,"Dublin",21
60,"Sharon Rogers",sharon.rogers.60@example.com,+15550060,Silver,"Rome",42
61,"Stephen Diaz",stephen.diaz.61@example.com,+15550061,Bronze,"Toronto",18
62,"Edward Rivera",edward.rivera.62@example.com,+15550062,Silver,"Mumbai",49
63,"James Sanchez",james.sanchez.63@example.com,+15550063,Silver,"Paris",34
64,"Christopher Carter",christopher.carter.64@example.com,+15550064,Silver,"Dubai",19
65,"Emma Gomez",emma.gomez.65@example.com,+15550065,Silver,"Boston",38
66,"Brenda Morales",brenda.morales.66@example.com,+15550066,Gold,"Paris",63
67,"Gregory Cook",gregory.cook.67@example.com,+15550067,Silver,"Boston",28
68,"Edward Morales",edward.morales.68@example.com,+15550068,Silver,"San Francisco",22
69,"Joshua Stewart",joshua.stewart.69@example.com,+15550069,Bronze,"Rome",18
70,"Justin Hill",justin.hill.70@example.com,+15550070,Bronze,"Dubai",61
71,"Richard Brown",richard.brown.71@example.com,+15550071,Bronze,"Seoul",36
72,"Deborah Williams",deborah.williams.72@example.com,+15550072,Bronze,"Tokyo",30
73,"Betty Baker",betty.baker.73@example.com,+15550073,Bronze,"New York",21
74,"James Morris",james.morris.74@example.com,+15550074,Silver,"Singapore",45
75,"Robert Perez",robert.perez.75@example.com,+15550075,Bronze,"Los Angeles",67
76,"Cynthia Brown",cynthia.brown.76@example.com,+15550076,Bronze,"Paris",51
77,"Linda Young",linda.young.77@example.com,+15550077,Gold,"Mumbai",30
78,"Karen Cook",karen.cook.78@example.com,+15550078,Silver,"Boston",45
79,"Jeffrey Cooper",jeffrey.cooper.79@example.com,+15550079,Silver,"Madrid",24
80,"Larry Morris",larry.morris.80@example.com,+15550080,Bronze,"Austin",47
81,"Jonathan Hill",jonathan.hill.81@example.com,+15550081,Silver,"Boston",44
82,"Samuel Rodriguez",samuel.rodriguez.82@example.com,+15550082,Silver,"Paris",28
83,"Timothy Harris",timothy.harris.83@example.com,+15550083,Bronze,"Toronto",56
84,"Jeffrey Baker",jeffrey.baker.84@example.com,+15550084,Silver,"London",43
85,"Brandon Cooper",brandon.cooper.85@example.com,+15550085,Gold,"Austin",55
86,"Jeffrey Allen",jeffrey.allen.86@example.com,+15550086,Bronze,"Madrid",56
87,"Jeffrey Morris",jeffrey.morris.87@example.com,+15550087,Platinum,"Boston",60
88,"Shirley Ortiz",shirley.ortiz.88@example.com,+15550088,Gold,"Austin",45
89,"Kenneth Young",kenneth.young.89@example.com,+15550089,Silver,"Dubai",27
90,"Laura Cruz",laura.cruz.90@example.com,+15550090,Silver,"New York",22
91,"Mary Perez",mary.perez.91@example.com,+15550091,Gold,"Mumbai",30
92,"Rebecca Reyes",rebecca.reyes.92@example.com,+15550092,Silver,"Seattle",31
93,"Gregory Scott",gregory.scott.93@example.com,+15550093,Gold,"Berlin",49
94,"Sarah Moore",sarah.moore.94@example.com,+15550094,Bronze,"Los Angeles",50
95,"Mary Rogers",mary.rogers.95@example.com,+15550095,Silver,"Los Angeles",36
96,"Kimberly White",kimberly.white.96@example.com,+15550096,Bronze,"Boston",49
97,"Joshua Lopez",joshua.lopez.97@example.com,+15550097,Silver,"Seattle",45
98,"Dorothy Morris",dorothy.morris.98@example.com,+15550098,Silver,"Los Angeles",65
99,"Charles Diaz",charles.diaz.99@example.com,+15550099,Bronze,"Rome",22
100,"George Flores",george.flores.100@example.com,+15550100,Gold,"Singapore",63
101,"Nancy Thompson",nancy.thompson.101@example.com,+15550101,Silver,"Dubai",27
102,"Kathleen Anderson",kathleen.anderson.102@example.com,+15550102,Silver,"Seattle",45
103,"Katherine Murphy",katherine.murphy.103@example.com,+15550103,Silver,"Berlin",40
104,"Andrew Roberts",andrew.roberts.104@example.com,+15550104,Silver,"Madrid",25
105,"Brandon Rodriguez",brandon.rodriguez.105@example.com,+15550105,Silver,"Tokyo",65
106,"Elizabeth Parker",elizabeth.parker.106@example.com,+15550106,Bronze,"Berlin",51
107,"Stephen Morgan",stephen.morgan.107@example.com,+15550107,Bronze,"Seattle",25
108,"Paul Martinez",paul.martinez.108@example.com,+15550108,Silver,"Berlin",34
109,"Steven Ortiz",steven.ortiz.109@example.com,+15550109,Silver,"Mumbai",46
110,"Anthony Roberts",anthony.roberts.110@example.com,+15550110,Platinum,"Los Angeles",52
111,"Robert Turner",robert.turner.111@example.com,+15550111,Silver,"Austin",50
112,"Ryan Lee",ryan.lee.112@example.com,+15550112,Platinum,"Mumbai",42
113,"Elizabeth Thompson",elizabeth.thompson.113@example.com,+15550113,Bronze,"Madrid",52
114,"Deborah Perez",deborah.perez.114@example.com,+15550114,Silver,"Seoul",29
115,"Andrew Brown",andrew.brown.115@example.com,+15550115,Bronze,"Rome",26
116,"Donna Jones",donna.jones.116@example.com,+15550116,Silver,"Sydney",54
117,"Barbara Rodriguez",barbara.rodriguez.117@example.com,+15550117,Platinum,"Madrid",59
118,"Linda Jackson",linda.jackson.118@example.com,+15550118,Bronze,"London",49
119,"Mark Torres",mark.torres.119@example.com,+15550119,Gold,"Tokyo",54
120,"Joseph Turner",joseph.turner.120@example.com,+15550120,Silver,"Mumbai",67
121,"Stephanie Rodriguez",stephanie.rodriguez.121@example.com,+15550121,Bronze,"Chicago",65
122,"Ryan Collins",ryan.collins.122@example.com,+15550122,Bronze,"Toronto",37
123,"Karen Lewis",karen.lewis.123@example.com,+15550123,Silver,"London",46
124,"Daniel Wilson",daniel.wilson.124@example.com,+15550124,Silver,"Dubai",39
125,"Kathleen Wright",kathleen.wright.125@example.com,+15550125,Bronze,"New York",61
126,"Richard Green",richard.green.126@example.com,+15550126,Gold,"Boston",52
127,"Amy King",amy.king.127@example.com,+15550127,Bronze,"London",67
128,"Timothy Martin",timothy.martin.128@example.com,+15550128,Silver,"Austin",61
129,"Samuel Brown",samuel.brown.129@example.com,+15550129,Platinum,"Madrid",20
130,"Donald Lewis",donald.lewis.130@example.com,+15550130,Bronze,"Seoul",50
131,"Thomas Hill",thomas.hill.131@example.com,+15550131,Silver,"Boston",57
132,"Kathleen Martinez",kathleen.martinez.132@example.com,+15550132,Silver,"London",43
133,"Amanda Hall",amanda.hall.133@example.com,+15550133,Bronze,"Rome",18
134,"Patricia Rodriguez",patricia.rodriguez.134@example.com,+15550134,Silver,"Dubai",29
135,"Carol Stewart",carol.stewart.135@example.com,+15550135,Silver,"Berlin",49
136,"Linda Gutierrez",linda.gutierrez.136@example.com,+15550136,Gold,"Seoul",61
137,"Anna Edwards",anna.edwards.137@example.com,+15550137,Platinum,"San Francisco",65
138,"Steven Nguyen",steven.nguyen.138@example.com,+15550138,Silver,"Madrid",50
139,"Amanda Martin",amanda.martin.139@example.com,+15550139,Platinum,"Boston",37
140,"Kevin Campbell",kevin.campbell.140@example.com,+15550140,Bronze,"Austin",45
141,"Anna Martinez",anna.martinez.141@example.com,+15550141,Bronze,"Toronto",38
142,"Sharon Rogers",sharon.rogers.142@example.com,+15550142,Gold,"Chicago",48
143,"Emily Adams",emily.adams.143@example.com,+15550143,Platinum,"Los Angeles",58
144,"Charles Baker",charles.baker.144@example.com,+15550144,Silver,"Mumbai",29
145,"Larry Gutierrez",larry.gutierrez.145@example.com,+15550145,Silver,"Berlin",60
146,"Dorothy Mitchell",dorothy.mitchell.146@example.com,+15550146,Silver,"Singapore",65
147,"Anthony Reyes",anthony.reyes.147@example.com,+15550147,Bronze,"Toronto",51
148,"Elizabeth Clark",elizabeth.clark.148@example.com,+15550148,Silver,"Madrid",52
149,"William Jones",william.jones.149@example.com,+15550149,Bronze,"London",40
150,"Nancy Reyes",nancy.reyes.150@example.com,+15550150,Bronze,"Dublin",40
151,"Kimberly Green",kimberly.green.151@example.com,+15550151,Silver,"Seoul",54
152,"Joshua Miller",joshua.miller.152@example.com,+15550152,Platinum,"Seoul",24
153,"Cynthia Roberts",cynthia.roberts.153@example.com,+15550153,Silver,"London",24
154,"Angela Diaz",angela.diaz.154@example.com,+15550154,Gold,"Sydney",51
155,"Brian Baker",brian.baker.155@example.com,+15550155,Silver,"Paris",44
156,"Steven Lopez",steven.lopez.156@example.com,+15550156,Silver,"Berlin",61
157,"Justin Morris",justin.morris.157@example.com,+15550157,Bronze,"Mumbai",57
158,"Rachel Rivera",rachel.rivera.158@example.com,+15550158,Silver,"Toronto",22
159,"Sharon Smith",sharon.smith.159@example.com,+15550159,Platinum,"Tokyo",38
160,"Nicole Young",nicole.young.160@example.com,+15550160,Gold,"San Francisco",49
161,"Donna Morales",donna.morales.161@example.com,+15550161,Silver,"Paris",58
162,"Jennifer Anderson",jennifer.anderson.162@example.com,+15550162,Silver,"Mumbai",54
163,"Melissa Torres",melissa.torres.163@example.com,+15550163,Bronze,"Sydney",43
164,"Gregory Davis",gregory.davis.164@example.com,+15550164,Platinum,"Mumbai",38
165,"Nancy King",nancy.king.165@example.com,+15550165,Bronze,"Dubai",61
166,"Robert Young",robert.young.166@example.com,+15550166,Gold,"Seoul",48
167,"Kenneth Morgan",kenneth.morgan.167@example.com,+15550167,Silver,"Austin",45
168,"Kevin Gonzalez",kevin.gonzalez.168@example.com,+15550168,Silver,"New York",63
169,"Thomas Morales",thomas.morales.169@example.com,+15550169,Gold,"Toronto",63
170,"Richard Rogers",richard.rogers.170@example.com,+15550170,Silver,"Rome",55
171,"Daniel Hall",daniel.hall.171@example.com,+15550171,Silver,"Berlin",26
172,"Katherine Rivera",katherine.rivera.172@example.com,+15550172,Platinum,"London",38
173,"Katherine Gomez",katherine.gomez.173@example.com,+15550173,Bronze,"Paris",30
174,"Nicole Scott",nicole.scott.174@example.com,+15550174,Bronze,"Berlin",47
175,"Carlos Cook",carlos.cook.175@example.com,+15550175,Gold,"Mumbai",29
176,"Gregory Rodriguez",gregory.rodriguez.176@example.com,+15550176,Platinum,"Tokyo",57
177,"Jeffrey Jones",jeffrey.jones.177@example.com,+15550177,Gold,"Berlin",22
178,"Rachel Evans",rachel.evans.178@example.com,+15550178,Silver,"Seattle",30
179,"Kenneth Lee",kenneth.lee.179@example.com,+15550179,Gold,"San Francisco",30
180,"Betty Jackson",betty.jackson.180@example.com,+15550180,Silver,"Dublin",23
181,"Eric Adams",eric.adams.181@example.com,+15550181,Silver,"Sydney",36
182,"Donald Walker",donald.walker.182@example.com,+15550182,Gold,"Austin",20
183,"Karen Roberts",karen.roberts.183@example.com,+15550183,Bronze,"Toronto",27
184,"Jason Carter",jason.carter.184@example.com,+15550184,Bronze,"Seoul",42
185,"John Mitchell",john.mitchell.185@example.com,+15550185,Bronze,"Tokyo",61
186,"Carlos Mitchell",carlos.mitchell.186@example.com,+15550186,Silver,"Boston",23
187,"Kenneth Wright",kenneth.wright.187@example.com,+15550187,Bronze,"Chicago",39
188,"Angela Nelson",angela.nelson.188@example.com,+15550188,Platinum,"Seattle",29
189,"James Garcia",james.garcia.189@example.com,+15550189,Bronze,"Paris",43
190,"Jessica Wilson",jessica.wilson.190@example.com,+15550190,Bronze,"Tokyo",51
191,"Steven Nguyen",steven.nguyen.191@example.com,+15550191,Gold,"Sydney",42
192,"Kenneth Brown",kenneth.brown.192@example.com,+15550192,Silver,"Toronto",65
193,"William Thomas",william.thomas.193@example.com,+15550193,Bronze,"Toronto",42
194,"Kathleen Smith",kathleen.smith.194@example.com,+15550194,Silver,"Madrid",24
195,"Rebecca Jones",rebecca.jones.195@example.com,+15550195,Silver,"Chicago",38
196,"Gregory Morris",gregory.morris.196@example.com,+15550196,Silver,"Chicago",21
197,"Patricia Garcia",patricia.garcia.197@example.com,+15550197,Bronze,"Madrid",35
198,"Carol Gutierrez",carol.gutierrez.198@example.com,+15550198,Silver,"Mumbai",61
199,"Margaret Nelson",margaret.nelson.199@example.com,+15550199,Bronze,"Boston",36
200,"Elizabeth Taylor",elizabeth.taylor.200@example.com,+15550200,Gold,"Tokyo",65
201,"Kenneth Hernandez",kenneth.hernandez.201@example.com,+15550201,Bronze,"Seoul",34
202,"Matthew Taylor",matthew.taylor.202@example.com,+15550202,Platinum,"Los Angeles",34
203,"Brandon Phillips",brandon.phillips.203@example.com,+15550203,Bronze,"Dublin",32
204,"Laura Flores",laura.flores.204@example.com,+15550204,Platinum,"Seoul",41
205,"Jeffrey Anderson",jeffrey.anderson.205@example.com,+15550205,Platinum,"Seoul",66
206,"Michelle Morgan",michelle.morgan.206@example.com,+15550206,Gold,"Toronto",35
207,"Kimberly Harris",kimberly.harris.207@example.com,+15550207,Gold,"Dublin",47
208,"Samantha Phillips",samantha.phillips.208@example.com,+15550208,Bronze,"Dubai",33
209,"James Torres",james.torres.209@example.com,+15550209,Silver,"Tokyo",39
210,"George Hernandez",george.hernandez.210@example.com,+15550210,Silver,"Toronto",35
211,"Betty Hernandez",betty.hernandez.211@example.com,+15550211,Silver,"London",59
212,"Samantha Lopez",samantha.lopez.212@example.com,+15550212,Gold,"San Francisco",55
213,"Kathleen Rogers",kathleen.rogers.213@example.com,+15550213,Bronze,"Sydney",33
214,"Cynthia Morgan",cynthia.morgan.214@example.com,+15550214,Bronze,"Singapore",20
215,"Paul Rogers",paul.rogers.215@example.com,+15550215,Silver,"Chicago",42
216,"Anna Cruz",anna.cruz.216@example.com,+15550216,Silver,"Dublin",66
217,"James Lee",james.lee.217@example.com,+15550217,Gold,"Dublin",18
218,"Larry Jackson",larry.jackson.218@example.com,+15550218,Platinum,"New York",44
219,"Carlos Sanchez",carlos.sanchez.219@example.com,+15550219,Silver,"Paris",18
220,"Sarah Reyes",sarah.reyes.220@example.com,+15550220,Silver,"Boston",35
221,"Susan Davis",susan.davis.221@example.com,+15550221,Gold,"Austin",43
222,"Amanda Williams",amanda.williams.222@example.com,+15550222,Silver,"Paris",64
223,"Linda Gonzalez",linda.gonzalez.223@example.com,+15550223,Silver,"New York",22
224,"Amy Stewart",amy.stewart.224@example.com,+15550224,Silver,"Toronto",41
225,"Stephanie Lee",stephanie.lee.225@example.com,+15550225,Silver,"Toronto",37
226,"Richard Scott",richard.scott.226@example.com,+15550226,Bronze,"Los Angeles",67
227,"Elizabeth Thomas",elizabeth.thomas.227@example.com,+15550227,Silver,"Dublin",62
228,"Melissa Wright",melissa.wright.228@example.com,+15550228,Silver,"Mumbai",22
229,"Melissa Collins",melissa.collins.229@example.com,+15550229,Gold,"Tokyo",51
230,"James Lewis",james.lewis.230@example.com,+15550230,Bronze,"Toronto",25
231,"Nicole Baker",nicole.baker.231@example.com,+15550231,Bronze,"Madrid",25
232,"Linda Rogers",linda.rogers.232@example.com,+15550232,Gold,"Seoul",42
233,"Susan Williams",susan.williams.233@example.com,+15550233,Bronze,"Seoul",46
234,"Patricia White",patricia.white.234@example.com,+15550234,Silver,"Los Angeles",25
235,"Mary Cruz",mary.cruz.235@example.com,+15550235,Bronze,"Seoul",67
236,"Rachel Jackson",rachel.jackson.236@example.com,+15550236,Bronze,"Dublin",25
237,"Michael Martin",michael.martin.237@example.com,+15550237,Gold,"Dubai",24
238,"Joshua Harris",joshua.harris.238@example.com,+15550238,Silver,"San Francisco",33
239,"Nancy Lee",nancy.lee.239@example.com,+15550239,Gold,"Berlin",27
240,"Laura Lee",laura.lee.240@example.com,+15550240,Platinum,"Tokyo",29
241,"Melissa Carter",melissa.carter.241@example.com,+15550241,Bronze,"Sydney",57
242,"Christine Diaz",christine.diaz.242@example.com,+15550242,Silver,"Singapore",52
243,"Karen Thomas",karen.thomas.243@example.com,+15550243,Gold,"Los Angeles",30
244,"Margaret Cooper",margaret.cooper.244@example.com,+15550244,Bronze,"Madrid",36
245,"Donna Jones",donna.jones.245@example.com,+15550245,Silver,"Toronto",65
246,"Nicole Wright",nicole.wright.246@example.com,+15550246,Bronze,"New York",24
247,"Timothy Thompson",timothy.thompson.247@example.com,+15550247,Silver,"Berlin",63
248,"John Morgan",john.morgan.248@example.com,+15550248,Gold,"Berlin",33
249,"Susan Cook",susan.cook.249@example.com,+15550249,Platinum,"Sydney",19
250,"Laura Ramirez",laura.ramirez.250@example.com,+15550250,Bronze,"Mumbai",48
251,"Jacob Thompson",jacob.thompson.251@example.com,+15550251,Silver,"New York",45
252,"Mark Nguyen",mark.nguyen.252@example.com,+15550252,Silver,"Rome",47
253,"Cynthia Rivera",cynthia.rivera.253@example.com,+15550253,Platinum,"Toronto",37
254,"Brandon Roberts",brandon.roberts.254@example.com,+15550254,Silver,"Toronto",30
255,"Amy Stewart",amy.stewart.255@example.com,+15550255,Silver,"Toronto",57
256,"Richard Adams",richard.adams.256@example.com,+15550256,Silver,"Toronto",48
257,"Lisa Rogers",lisa.rogers.257@example.com,+15550257,Gold,"Paris",62
258,"Rebecca Young",rebecca.young.258@example.com,+15550258,Bronze,"San Francisco",32
259,"Helen Ortiz",helen.ortiz.259@example.com,+15550259,Platinum,"Seoul",42
260,"Barbara Baker",barbara.baker.260@example.com,+15550260,Bronze,"Paris",61
261,"Christine Gutierrez",christine.gutierrez.261@example.com,+15550261,Bronze,"Berlin",40
262,"Christopher Harris",christopher.harris.262@example.com,+15550262,Gold,"Mumbai",30
263,"Brian Gutierrez",brian.gutierrez.263@example.com,+15550263,Silver,"Austin",26
264,"Amy Hall",amy.hall.264@example.com,+15550264,Bronze,"Los Angeles",42
265,"James Edwards",james.edwards.265@example.com,+15550265,Silver,"Tokyo",18
266,"George Phillips",george.phillips.266@example.com,+15550266,Gold,"New York",19
267,"Kathleen Moore",kathleen.moore.267@example.com,+15550267,Gold,"New York",54
268,"Barbara Robinson",barbara.robinson.268@example.com,+15550268,Silver,"Singapore",28
269,"Robert Davis",robert.davis.269@example.com,+15550269,Bronze,"Berlin",44
270,"Michelle Morgan",michelle.morgan.270@example.com,+15550270,Bronze,"Dublin",33
271,"Katherine Harris",katherine.harris.271@example.com,+15550271,Silver,"Tokyo",20
272,"Daniel Reyes",daniel.reyes.272@example.com,+15550272,Bronze,"Rome",57
273,"Ryan Adams",ryan.adams.273@example.com,+15550273,Platinum,"Tokyo",23
274,"Andrew Rodriguez",andrew.rodriguez.274@example.com,+15550274,Bronze,"Toronto",60
275,"Ashley Lewis",ashley.lewis.275@example.com,+15550275,Bronze,"Singapore",27
276,"Paul Gomez",paul.gomez.276@example.com,+15550276,Gold,"Mumbai",31
277,"Karen Clark",karen.clark.277@example.com,+15550277,Bronze,"Seattle",21
278,"Sarah Cruz",sarah.cruz.278@example.com,+15550278,Bronze,"Rome",42
279,"Jessica Hill",jessica.hill.279@example.com,+15550279,Bronze,"London",29
280,"Samuel Miller",samuel.miller.280@example.com,+15550280,Silver,"Tokyo",32
281,"Justin Campbell",justin.campbell.281@example.com,+15550281,Gold,"Rome",64
282,"Mark Carter",mark.carter.282@example.com,+15550282,Platinum,"Sydney",45
283,"Betty Taylor",betty.taylor.283@example.com,+15550283,Bronze,"Tokyo",65
284,"Kathleen Rogers",kathleen.rogers.284@example.com,+15550284,Gold,"New York",44
285,"Paul Wilson",paul.wilson.285@example.com,+15550285,Bronze,"Mumbai",51
286,"George Carter",george.carter.286@example.com,+15550286,Bronze,"Rome",51
287,"Emily Nelson",emily.nelson.287@example.com,+15550287,Gold,"Sydney",26
288,"Charles Miller",charles.miller.288@example.com,+15550288,Platinum,"Dubai",29
289,"Steven Ortiz",steven.ortiz.289@example.com,+15550289,Bronze,"Singapore",25
290,"Daniel Campbell",daniel.campbell.290@example.com,+15550290,Silver,"San Francisco",37
291,"Mark Perez",mark.perez.291@example.com,+15550291,Bronze,"Singapore",63
292,"Christopher Lee",christopher.lee.292@example.com,+15550292,Bronze,"Paris",61
293,"Jennifer Nguyen",jennifer.nguyen.293@example.com,+15550293,Silver,"Paris",29
294,"Anthony Scott",anthony.scott.294@example.com,+15550294,Platinum,"Los Angeles",27
295,"Melissa Jackson",melissa.jackson.295@example.com,+15550295,Platinum,"Paris",33
296,"Justin Davis",justin.davis.296@example.com,+15550296,Silver,"Berlin",67
297,"Richard Lee",richard.lee.297@example.com,+15550297,Silver,"Singapore",40
298,"Helen Jones",helen.jones.298@example.com,+15550298,Silver,"Seoul",67
299,"Jonathan Jackson",jonathan.jackson.299@example.com,+15550299,Bronze,"Toronto",56
300,"Ryan Rivera",ryan.rivera.300@example.com,+15550300,Bronze,"Rome",56
301,"Jacob Reyes",jacob.reyes.301@example.com,+15550301,Bronze,"Paris",38
302,"Sarah Hall",sarah.hall.302@example.com,+15550302,Bronze,"Rome",43
303,"Amy Lee",amy.lee.303@example.com,+15550303,Gold,"Mumbai",51
304,"Nicole Cooper",nicole.cooper.304@example.com,+15550304,Bronze,"Los Angeles",21
305,"Donna Anderson",donna.anderson.305@example.com,+15550305,Gold,"Boston",46
306,"Brian Martin",brian.martin.306@example.com,+15550306,Gold,"Tokyo",35
307,"Gary Torres",gary.torres.307@example.com,+15550307,Silver,"Paris",25
308,"Stephanie Moore",stephanie.moore.308@example.com,+15550308,Bronze,"Boston",24
309,"Justin Jackson",justin.jackson.309@example.com,+15550309,Platinum,"Boston",55
310,"Donna Morris",donna.morris.310@example.com,+15550310,Bronze,"Paris",44
311,"Justin White",justin.white.311@example.com,+15550311,Gold,"Mumbai",58
312,"Katherine Harris",katherine.harris.312@example.com,+15550312,Silver,"Seoul",61
313,"Andrew Evans",andrew.evans.313@example.com,+15550313,Gold,"San Francisco",67
314,"Rebecca Allen",rebecca.allen.314@example.com,+15550314,Bronze,"London",53
315,"Stephen Martin",stephen.martin.315@example.com,+15550315,Silver,"Paris",30
316,"Patricia Johnson",patricia.johnson.316@example.com,+15550316,Silver,"New York",18
317,"Linda Thompson",linda.thompson.317@example.com,+15550317,Gold,"Boston",41
318,"Jacob Hill",jacob.hill.318@example.com,+15550318,Platinum,"San Francisco",46
319,"Stephen Cook",stephen.cook.319@example.com,+15550319,Gold,"Singapore",65
320,"Nicole Evans",nicole.evans.320@example.com,+15550320,Gold,"Singapore",62
321,"Ronald Lee",ronald.lee.321@example.com,+15550321,Gold,"Austin",24
322,"Ryan Johnson",ryan.johnson.322@example.com,+15550322,Silver,"Toronto",31
323,"Amy Garcia",amy.garcia.323@example.com,+15550323,Silver,"Mumbai",58
324,"Karen Rivera",karen.rivera.324@example.com,+15550324,Silver,"Singapore",37
325,"Brenda Adams",brenda.adams.325@example.com,+15550325,Silver,"Rome",34
326,"Cynthia Sanchez",cynthia.sanchez.326@example.com,+15550326,Silver,"Sydney",58
327,"Jennifer Robinson",jennifer.robinson.327@example.com,+15550327,Silver,"Sydney",32
328,"Alexander Gutierrez",alexander.gutierrez.328@example.com,+15550328,Bronze,"Los Angeles",65
329,"Stephanie Wright",stephanie.wright.329@example.com,+15550329,Platinum,"Mumbai",51
330,"Anna Jackson",anna.jackson.330@example.com,+15550330,Silver,"Paris",58
331,"Charles Jackson",charles.jackson.331@example.com,+15550331,Silver,"Austin",65
332,"Betty Edwards",betty.edwards.332@example.com,+15550332,Silver,"Tokyo",44
333,"Barbara Lee",barbara.lee.333@example.com,+15550333,Gold,"Berlin",35
334,"Anthony Williams",anthony.williams.334@example.com,+15550334,Gold,"Tokyo",59
335,"Brandon Smith",brandon.smith.335@example.com,+15550335,Silver,"Dubai",21
336,"Christine Clark",christine.clark.336@example.com,+15550336,Bronze,"Los Angeles",57
337,"Jason Morris",jason.morris.337@example.com,+15550337,Gold,"Paris",65
338,"Dorothy Torres",dorothy.torres.338@example.com,+15550338,Platinum,"Dubai",34
339,"Jonathan Mitchell",jonathan.mitchell.339@example.com,+15550339,Platinum,"Seattle",57
340,"Debra Murphy",debra.murphy.340@example.com,+15550340,Silver,"Paris",42
341,"Dorothy Hill",dorothy.hill.341@example.com,+15550341,Gold,"New York",31
342,"Ryan Campbell",ryan.campbell.342@example.com,+15550342,Bronze,"Madrid",21
343,"Angela Nguyen",angela.nguyen.343@example.com,+15550343,Gold,"Seattle",38
344,"Mark Ramirez",mark.ramirez.344@example.com,+15550344,Silver,"Madrid",44
345,"George Flores",george.flores.345@example.com,+15550345,Bronze,"Boston",39
346,"Joseph Davis",joseph.davis.346@example.com,+15550346,Platinum,"Los Angeles",41
347,"Donna Thomas",donna.thomas.347@example.com,+15550347,Silver,"London",54
348,"Debra Cruz",debra.cruz.348@example.com,+15550348,Gold,"San Francisco",44
349,"Alexander Martin",alexander.martin.349@example.com,+15550349,Bronze,"Paris",27
350,"Emily White",emily.white.350@example.com,+15550350,Gold,"Austin",51
351,"Amanda Wilson",amanda.wilson.351@example.com,+15550351,Silver,"New York",60
352,"Andrew Walker",andrew.walker.352@example.com,+15550352,Gold,"Sydney",62
353,"Amy Perez",amy.perez.353@example.com,+15550353,Platinum,"Tokyo",45
354,"Shirley Roberts",shirley.roberts.354@example.com,+15550354,Silver,"Rome",62
355,"Rachel Ortiz",rachel.ortiz.355@example.com,+15550355,Bronze,"Los Angeles",64
356,"Helen Phillips",helen.phillips.356@example.com,+15550356,Bronze,"Dublin",60
357,"George Cooper",george.cooper.357@example.com,+15550357,Bronze,"New York",37
358,"Ryan Diaz",ryan.diaz.358@example.com,+15550358,Silver,"Berlin",19
359,"Mary Diaz",mary.diaz.359@example.com,+15550359,Gold,"Chicago",24
360,"Carol Davis",carol.davis.360@example.com,+15550360,Silver,"Singapore",32
361,"Emily Jones",emily.jones.361@example.com,+15550361,Silver,"Austin",54
362,"Emma Martinez",emma.martinez.362@example.com,+15550362,Gold,"Madrid",23
363,"Amanda Rogers",amanda.rogers.363@example.com,+15550363,Bronze,"Madrid",35
364,"Brian White",brian.white.364@example.com,+15550364,Gold,"Rome",33
365,"Samuel Collins",samuel.collins.365@example.com,+15550365,Bronze,"Singapore",29
366,"Gregory Hill",gregory.hill.366@example.com,+15550366,Silver,"Tokyo",35
367,"George Hill",george.hill.367@example.com,+15550367,Bronze,"Chicago",59
368,"Jonathan Johnson",jonathan.johnson.368@example.com,+15550368,Gold,"Mumbai",22
369,"Gregory Evans",gregory.evans.369@example.com,+15550369,Bronze,"Seattle",55
370,"Matthew Mitchell",matthew.mitchell.370@example.com,+15550370,Platinum,"Dubai",47
371,"John Ramirez",john.ramirez.371@example.com,+15550371,Silver,"New York",43
372,"Stephen Gutierrez",stephen.gutierrez.372@example.com,+15550372,Gold,"Dublin",28
373,"Ryan Moore",ryan.moore.373@example.com,+15550373,Gold,"London",43
374,"Samuel Torres",samuel.torres.374@example.com,+15550374,Gold,"Chicago",59
375,"Melissa Allen",melissa.allen.375@example.com,+15550375,Gold,"London",30
376,"Anna Rogers",anna.rogers.376@example.com,+15550376,Gold,"San Francisco",24
377,"Jennifer Cook",jennifer.cook.377@example.com,+15550377,Silver,"Toronto",43
378,"Susan Turner",susan.turner.378@example.com,+15550378,Platinum,"New York",35
379,"Richard Phillips",richard.phillips.379@example.com,+15550379,Platinum,"Seoul",57
380,"Robert Torres",robert.torres.380@example.com,+15550380,Bronze,"Rome",44
381,"Justin Hill",justin.hill.381@example.com,+15550381,Gold,"Los Angeles",31
382,"Sandra Rivera",sandra.rivera.382@example.com,+15550382,Silver,"Mumbai",23
383,"Edward Johnson",edward.johnson.383@example.com,+15550383,Gold,"Mumbai",35
384,"Matthew Gomez",matthew.gomez.384@example.com,+15550384,Bronze,"Toronto",28
385,"Anthony Phillips",anthony.phillips.385@example.com,+15550385,Platinum,"Madrid",28
386,"Michael Garcia",michael.garcia.386@example.com,+15550386,Platinum,"Singapore",28
387,"David Campbell",david.campbell.387@example.com,+15550387,Bronze,"Singapore",42
388,"Nicholas Gomez",nicholas.gomez.388@example.com,+15550388,Bronze,"Madrid",60
389,"Daniel Anderson",daniel.anderson.389@example.com,+15550389,Bronze,"Chicago",29
390,"Kimberly Wilson",kimberly.wilson.390@example.com,+15550390,Gold,"New York",51
391,"Michael Morgan",michael.morgan.391@example.com,+15550391,Silver,"Rome",24
392,"Carol Morales",carol.morales.392@example.com,+15550392,Silver,"Singapore",23
393,"Emily Diaz",emily.diaz.393@example.com,+15550393,Gold,"San Francisco",45
394,"John Miller",john.miller.394@example.com,+15550394,Silver,"Dublin",51
395,"Sandra Collins",sandra.collins.395@example.com,+15550395,Silver,"Seoul",59
396,"Carol Stewart",carol.stewart.396@example.com,+15550396,Bronze,"Seattle",32
397,"Jacob Miller",jacob.miller.397@example.com,+15550397,Bronze,"Rome",31
398,"Eric Sanchez",eric.sanchez.398@example.com,+15550398,Silver,"Seattle",34
399,"Brenda King",brenda.king.399@example.com,+15550399,Silver,"Madrid",25
400,"Alexander Stewart",alexander.stewart.400@example.com,+15550400,Gold,"Los Angeles",19
401,"Samuel Jackson",samuel.jackson.401@example.com,+15550401,Bronze,"Singapore",54
402,"Christopher White",christopher.white.402@example.com,+15550402,Gold,"Dubai",49
403,"Alexander Torres",alexander.torres.403@example.com,+15550403,Silver,"Boston",49
404,"Gary Perez",gary.perez.404@example.com,+15550404,Bronze,"Sydney",61
405,"Margaret Turner",margaret.turner.405@example.com,+15550405,Silver,"Boston",27
406,"Cynthia Flores",cynthia.flores.406@example.com,+15550406,Silver,"Chicago",37
407,"Timothy Phillips",timothy.phillips.407@example.com,+15550407,Silver,"New York",20
408,"Kathleen Cooper",kathleen.cooper.408@example.com,+15550408,Gold,"Los Angeles",48
409,"Eric Clark",eric.clark.409@example.com,+15550409,Platinum,"London",67
410,"Emma Ortiz",emma.ortiz.410@example.com,+15550410,Bronze,"Los Angeles",39
411,"Stephen Rogers",stephen.rogers.411@example.com,+15550411,Silver,"New York",53
412,"Jessica Garcia",jessica.garcia.412@example.com,+15550412,Gold,"Sydney",67
413,"Jennifer Cruz",jennifer.cruz.413@example.com,+15550413,Gold,"Toronto",67
414,"Robert Jones",robert.jones.414@example.com,+15550414,Platinum,"Tokyo",41
415,"Elizabeth Roberts",elizabeth.roberts.415@example.com,+15550415,Platinum,"London",38
416,"Jessica Roberts",jessica.roberts.416@example.com,+15550416,Silver,"Dubai",27
417,"Larry Garcia",larry.garcia.417@example.com,+15550417,Platinum,"Boston",54
418,"Linda Collins",linda.collins.418@example.com,+15550418,Platinum,"Dublin",28
419,"Brandon Young",brandon.young.419@example.com,+15550419,Platinum,"Chicago",27
420,"Jonathan Evans",jonathan.evans.420@example.com,+15550420,Gold,"San Francisco",57
421,"Anna Turner",anna.turner.421@example.com,+15550421,Gold,"Sydney",59
422,"Kathleen King",kathleen.king.422@example.com,+15550422,Silver,"Toronto",32
423,"Charles King",charles.king.423@example.com,+15550423,Gold,"Seattle",42
424,"Patricia Evans",patricia.evans.424@example.com,+15550424,Bronze,"Singapore",20
425,"Michelle Baker",michelle.baker.425@example.com,+15550425,Bronze,"Dubai",37
426,"Angela Gonzalez",angela.gonzalez.426@example.com,+15550426,Bronze,"Toronto",19
427,"Edward Nelson",edward.nelson.427@example.com,+15550427,Bronze,"Tokyo",25
428,"Nicole Sanchez",nicole.sanchez.428@example.com,+15550428,Gold,"Seoul",20
429,"Barbara Sanchez",barbara.sanchez.429@example.com,+15550429,Bronze,"London",66
430,"Donald Lopez",donald.lopez.430@example.com,+15550430,Gold,"Paris",35
431,"Alexander Flores",alexander.flores.431@example.com,+15550431,Gold,"Rome",52
432,"Kimberly Ramirez",kimberly.ramirez.432@example.com,+15550432,Platinum,"Rome",21
433,"Michelle Jackson",michelle.jackson.433@example.com,+15550433,Gold,"Boston",36
434,"Joshua Thompson",joshua.thompson.434@example.com,+15550434,Gold,"Chicago",54
435,"Justin Turner",justin.turner.435@example.com,+15550435,Silver,"Dublin",26
436,"Nicole Johnson",nicole.johnson.436@example.com,+15550436,Silver,"Seoul",65
437,"Joseph Sanchez",joseph.sanchez.437@example.com,+15550437,Silver,"Dubai",39
438,"Stephanie Sanchez",stephanie.sanchez.438@example.com,+15550438,Bronze,"Sydney",19
439,"Emma Williams",emma.williams.439@example.com,+15550439,Silver,"New York",43
440,"Sarah Nelson",sarah.nelson.440@example.com,+15550440,Platinum,"Chicago",34
441,"Justin Mitchell",justin.mitchell.441@example.com,+15550441,Silver,"San Francisco",43
442,"Debra Torres",debra.torres.442@example.com,+15550442,Bronze,"London",24
443,"Nancy Garcia",nancy.garcia.443@example.com,+15550443,Silver,"Tokyo",55
444,"Stephen Robinson",stephen.robinson.444@example.com,+15550444,Silver,"New York",60
445,"Lisa Brown",lisa.brown.445@example.com,+15550445,Silver,"Toronto",44
446,"Samuel Jones",samuel.jones.446@example.com,+15550446,Silver,"Singapore",27
447,"Gary Smith",gary.smith.447@example.com,+15550447,Platinum,"Tokyo",47
448,"William Evans",william.evans.448@example.com,+15550448,Platinum,"Madrid",19
449,"Christopher King",christopher.king.449@example.com,+15550449,Platinum,"Sydney",25
450,"Amanda Evans",amanda.evans.450@example.com,+15550450,Bronze,"Boston",55
451,"Matthew Wright",matthew.wright.451@example.com,+15550451,Silver,"Madrid",18
452,"Ashley Reyes",ashley.reyes.452@example.com,+15550452,Silver,"Chicago",38
453,"Mary Garcia",mary.garcia.453@example.com,+15550453,Silver,"New York",40
454,"Carol Young",carol.young.454@example.com,+15550454,Bronze,"Dublin",40
455,"Angela Allen",angela.allen.455@example.com,+15550455,Silver,"Rome",47
456,"Benjamin Clark",benjamin.clark.456@example.com,+15550456,Platinum,"Singapore",60
457,"Mary Evans",mary.evans.457@example.com,+15550457,Gold,"Austin",44
458,"Donna Johnson",donna.johnson.458@example.com,+15550458,Gold,"New York",48
459,"Melissa Hill",melissa.hill.459@example.com,+15550459,Bronze,"Chicago",34
460,"Amanda Campbell",amanda.campbell.460@example.com,+15550460,Bronze,"Singapore",32
461,"Nancy Perez",nancy.perez.461@example.com,+15550461,Gold,"London",30
462,"Samuel Moore",samuel.moore.462@example.com,+15550462,Platinum,"Dubai",29
463,"Mary Gomez",mary.gomez.463@example.com,+15550463,Bronze,"Austin",23
464,"Ashley Moore",ashley.moore.464@example.com,+15550464,Gold,"San Francisco",25
465,"Larry Gomez",larry.gomez.465@example.com,+15550465,Gold,"Madrid",53
466,"Amy Morales",amy.morales.466@example.com,+15550466,Bronze,"Madrid",51
467,"Susan Nguyen",susan.nguyen.467@example.com,+15550467,Bronze,"Seoul",24
468,"Brenda Walker",brenda.walker.468@example.com,+15550468,Platinum,"Boston",34
469,"Jacob Moore",jacob.moore.469@example.com,+15550469,Silver,"Seattle",57
470,"Andrew Morales",andrew.morales.470@example.com,+15550470,Silver,"London",58
471,"Sandra Moore",sandra.moore.471@example.com,+15550471,Silver,"Austin",59
472,"William Ramirez",william.ramirez.472@example.com,+15550472,Silver,"Austin",42
473,"Rebecca Stewart",rebecca.stewart.473@example.com,+15550473,Platinum,"Boston",40
474,"Ryan Hill",ryan.hill.474@example.com,+15550474,Gold,"San Francisco",55
475,"Jonathan Adams",jonathan.adams.475@example.com,+15550475,Silver,"San Francisco",63
476,"Mary Young",mary.young.476@example.com,+15550476,Bronze,"Berlin",43
477,"Charles Taylor",charles.taylor.477@example.com,+15550477,Platinum,"Mumbai",19
478,"Joshua Carter",joshua.carter.478@example.com,+15550478,Silver,"Madrid",67
479,"Betty Gonzalez",betty.gonzalez.479@example.com,+15550479,Silver,"Tokyo",44
480,"Joseph Hall",joseph.hall.480@example.com,+15550480,Bronze,"Los Angeles",67
481,"Joshua Phillips",joshua.phillips.481@example.com,+15550481,Bronze,"Rome",38
482,"Jonathan Perez",jonathan.perez.482@example.com,+15550482,Silver,"Austin",18
483,"John Edwards",john.edwards.483@example.com,+15550483,Silver,"Paris",32
484,"Gregory Campbell",gregory.campbell.484@example.com,+15550484,Gold,"Paris",22
485,"Michelle Lopez",michelle.lopez.485@example.com,+15550485,Bronze,"Tokyo",64
486,"Jeffrey Lopez",jeffrey.lopez.486@example.com,+15550486,Bronze,"Dubai",49
487,"Lisa Walker",lisa.walker.487@example.com,+15550487,Silver,"Seattle",29
488,"Amanda Phillips",amanda.phillips.488@example.com,+15550488,Platinum,"Tokyo",44
489,"Brenda Martin",brenda.martin.489@example.com,+15550489,Silver,"Chicago",63
490,"Jason Morgan",jason.morgan.490@example.com,+15550490,Gold,"Tokyo",20
491,"Katherine Gomez",katherine.gomez.491@example.com,+15550491,Silver,"Singapore",50
492,"Pamela Taylor",pamela.taylor.492@example.com,+15550492,Platinum,"Seoul",19
493,"Mark Evans",mark.evans.493@example.com,+15550493,Gold,"Chicago",44
494,"Matthew Martin",matthew.martin.494@example.com,+15550494,Silver,"New York",62
495,"Christopher Johnson",christopher.johnson.495@example.com,+15550495,Gold,"Seattle",36
496,"Rebecca Garcia",rebecca.garcia.496@example.com,+15550496,Bronze,"Boston",47
497,"Ashley Johnson",ashley.johnson.497@example.com,+15550497,Silver,"Dublin",46
498,"Joseph White",joseph.white.498@example.com,+15550498,Bronze,"New York",55
499,"Elizabeth Parker",elizabeth.parker.499@example.com,+15550499,Gold,"Dubai",54
500,"Matthew Robinson",matthew.robinson.500@example.com,+15550500,Silver,"London",50
501,"Jennifer Wilson",jennifer.wilson.501@example.com,+15550501,Silver,"Los Angeles",37
502,"Joshua Robinson",joshua.robinson.502@example.com,+15550502,Silver,"Dubai",57
503,"Jonathan Gomez",jonathan.gomez.503@example.com,+15550503,Bronze,"Madrid",28
504,"Benjamin Robinson",benjamin.robinson.504@example.com,+15550504,Silver,"Dublin",27
505,"Melissa Hernandez",melissa.hernandez.505@example.com,+15550505,Bronze,"Seattle",51
506,"Rebecca Adams",rebecca.adams.506@example.com,+15550506,Platinum,"Paris",46
507,"David Jones",david.jones.507@example.com,+15550507,Bronze,"Paris",47
508,"Kenneth Murphy",kenneth.murphy.508@example.com,+15550508,Bronze,"Dubai",50
509,"Paul Robinson",paul.robinson.509@example.com,+15550509,Bronze,"Tokyo",55
510,"Shirley Turner",shirley.turner.510@example.com,+15550510,Platinum,"Dublin",45
511,"Amy Wilson",amy.wilson.511@example.com,+15550511,Gold,"Austin",49
512,"Mary Rogers",mary.rogers.512@example.com,+15550512,Silver,"Los Angeles",19
513,"Susan Rodriguez",susan.rodriguez.513@example.com,+15550513,Gold,"Toronto",18
514,"Rachel Rivera",rachel.rivera.514@example.com,+15550514,Silver,"Toronto",37
515,"Nicholas Johnson",nicholas.johnson.515@example.com,+15550515,Bronze,"Paris",31
516,"Gregory Miller",gregory.miller.516@example.com,+15550516,Bronze,"Tokyo",36
517,"Brenda Green",brenda.green.517@example.com,+15550517,Platinum,"Seoul",59
518,"Amanda Robinson",amanda.robinson.518@example.com,+15550518,Silver,"Tokyo",64
519,"Justin Johnson",justin.johnson.519@example.com,+15550519,Bronze,"London",21
520,"Ashley Morales",ashley.morales.520@example.com,+15550520,Silver,"Singapore",51
521,"Larry Cook",larry.cook.521@example.com,+15550521,Platinum,"London",28
522,"Joshua Morris",joshua.morris.522@example.com,+15550522,Gold,"Sydney",35
523,"Christine Wright",christine.wright.523@example.com,+15550523,Bronze,"Tokyo",61
524,"Jonathan Morgan",jonathan.morgan.524@example.com,+15550524,Bronze,"Seoul",54
525,"Michael Miller",michael.miller.525@example.com,+15550525,Platinum,"Madrid",51
526,"Gregory Scott",gregory.scott.526@example.com,+15550526,Bronze,"Seoul",35
527,"Rebecca Williams",rebecca.williams.527@example.com,+15550527,Silver,"Berlin",22
528,"Margaret Brown",margaret.brown.528@example.com,+15550528,Bronze,"Dublin",22
529,"Charles White",charles.white.529@example.com,+15550529,Platinum,"Paris",40
530,"Donna Williams",donna.williams.530@example.com,+15550530,Platinum,"Sydney",59
531,"Gregory Gonzalez",gregory.gonzalez.531@example.com,+15550531,Silver,"Seoul",49
532,"Melissa Scott",melissa.scott.532@example.com,+15550532,Silver,"Dubai",55
533,"Nicole Baker",nicole.baker.533@example.com,+15550533,Silver,"Boston",30
534,"Mark Clark",mark.clark.534@example.com,+15550534,Bronze,"Boston",50
535,"Alexander Martinez",alexander.martinez.535@example.com,+15550535,Gold,"New York",55
536,"Carlos Williams",carlos.williams.536@example.com,+15550536,Bronze,"Dubai",59
537,"Benjamin Hernandez",benjamin.hernandez.537@example.com,+15550537,Silver,"Singapore",33
538,"Anthony Williams",anthony.williams.538@example.com,+15550538,Platinum,"Mumbai",24
539,"Samuel Thompson",samuel.thompson.539@example.com,+15550539,Silver,"Mumbai",47
540,"Carlos Reyes",carlos.reyes.540@example.com,+15550540,Silver,"Toronto",24
541,"Alexander Cooper",alexander.cooper.541@example.com,+15550541,Silver,"Austin",66
542,"Brian Phillips",brian.phillips.542@example.com,+15550542,Gold,"Dubai",57
543,"Donna Ramirez",donna.ramirez.543@example.com,+15550543,Gold,"Toronto",55
544,"Michael Lopez",michael.lopez.544@example.com,+15550544,Bronze,"Sydney",52
545,"Alexander Thomas",alexander.thomas.545@example.com,+15550545,Platinum,"Sydney",35
546,"Laura Sanchez",laura.sanchez.546@example.com,+15550546,Silver,"Chicago",34
547,"Brenda White",brenda.white.547@example.com,+15550547,Bronze,"Singapore",49
548,"Brenda Perez",brenda.perez.548@example.com,+15550548,Gold,"Tokyo",48
549,"Mark Mitchell",mark.mitchell.549@example.com,+15550549,Gold,"London",45
550,"Steven Martinez",steven.martinez.550@example.com,+15550550,Silver,"Singapore",30
551,"Thomas Collins",thomas.collins.551@example.com,+15550551,Silver,"San Francisco",46
552,"Nancy Baker",nancy.baker.552@example.com,+15550552,Silver,"London",53
553,"Robert Young",robert.young.553@example.com,+15550553,Gold,"Seoul",46
554,"Amanda Ramirez",amanda.ramirez.554@example.com,+15550554,Platinum,"Paris",57
555,"Michelle Rivera",michelle.rivera.555@example.com,+15550555,Gold,"London",55
556,"David Anderson",david.anderson.556@example.com,+15550556,Bronze,"Mumbai",49
557,"Ryan Nelson",ryan.nelson.557@example.com,+15550557,Gold,"London",21
558,"Mark Roberts",mark.roberts.558@example.com,+15550558,Bronze,"Singapore",32
559,"Shirley Rogers",shirley.rogers.559@example.com,+15550559,Silver,"Austin",63
560,"Timothy Carter",timothy.carter.560@example.com,+15550560,Bronze,"Seattle",40
561,"Lisa Campbell",lisa.campbell.561@example.com,+15550561,Gold,"Seoul",61
562,"David Williams",david.williams.562@example.com,+15550562,Gold,"Paris",56
563,"Amy Parker",amy.parker.563@example.com,+15550563,Gold,"Mumbai",48
564,"Angela Hernandez",angela.hernandez.564@example.com,+15550564,Silver,"Paris",50
565,"Amanda Green",amanda.green.565@example.com,+15550565,Platinum,"Madrid",34
566,"Paul Roberts",paul.roberts.566@example.com,+15550566,Gold,"Seoul",47
567,"David Rivera",david.rivera.567@example.com,+15550567,Gold,"Paris",44
568,"Kevin Thomas",kevin.thomas.568@example.com,+15550568,Bronze,"Los Angeles",50
569,"Joshua White",joshua.white.569@example.com,+15550569,Bronze,"New York",50
570,"Timothy Phillips",timothy.phillips.570@example.com,+15550570,Silver,"Boston",51
571,"David Lee",david.lee.571@example.com,+15550571,Silver,"Seattle",65
572,"Jacob Smith",jacob.smith.572@example.com,+15550572,Silver,"Berlin",34
573,"Betty Gonzalez",betty.gonzalez.573@example.com,+15550573,Bronze,"Chicago",60
574,"Angela Clark",angela.clark.574@example.com,+15550574,Gold,"Boston",40
575,"Katherine Morris",katherine.morris.575@example.com,+15550575,Gold,"Toronto",23
576,"Jessica Davis",jessica.davis.576@example.com,+15550576,Silver,"Seoul",25
577,"Dorothy Flores",dorothy.flores.577@example.com,+15550577,Bronze,"Seattle",52
578,"Emma Morris",emma.morris.578@example.com,+15550578,Silver,"Tokyo",19
579,"Edward Moore",edward.moore.579@example.com,+15550579,Silver,"Berlin",25
580,"Mark Campbell",mark.campbell.580@example.com,+15550580,Silver,"Seattle",30
581,"Charles Walker",charles.walker.581@example.com,+15550581,Bronze,"Austin",25
582,"Betty Cook",betty.cook.582@example.com,+15550582,Silver,"Singapore",31
583,"Joshua Harris",joshua.harris.583@example.com,+15550583,Bronze,"Singapore",53
584,"Matthew King",matthew.king.584@example.com,+15550584,Bronze,"Chicago",22
585,"Brian Adams",brian.adams.585@example.com,+15550585,Silver,"Singapore",27
586,"Carlos Ortiz",carlos.ortiz.586@example.com,+15550586,Gold,"Sydney",50
587,"Samantha Williams",samantha.williams.587@example.com,+15550587,Silver,"Austin",44
588,"Benjamin Campbell",benjamin.campbell.588@example.com,+15550588,Bronze,"Singapore",62
589,"William Edwards",william.edwards.589@example.com,+15550589,Bronze,"Berlin",46
590,"Mark Murphy",mark.murphy.590@example.com,+15550590,Platinum,"London",55
591,"Stephen Morris",stephen.morris.591@example.com,+15550591,Bronze,"Austin",66
592,"Donald Perez",donald.perez.592@example.com,+15550592,Bronze,"Sydney",33
593,"Justin Clark",justin.clark.593@example.com,+15550593,Silver,"Los Angeles",42
594,"Michelle Diaz",michelle.diaz.594@example.com,+15550594,Gold,"Sydney",19
595,"Mark Davis",mark.davis.595@example.com,+15550595,Silver,"Seattle",34
596,"Gregory Green",gregory.green.596@example.com,+15550596,Gold,"Berlin",28
597,"Emily Evans",emily.evans.597@example.com,+15550597,Silver,"Los Angeles",31
598,"Kathleen Diaz",kathleen.diaz.598@example.com,+15550598,Gold,"Seattle",30
599,"Amy Carter",amy.carter.599@example.com,+15550599,Bronze,"Singapore",52
600,"Katherine Young",katherine.young.600@example.com,+15550600,Platinum,"Chicago",60
601,"Helen Scott",helen.scott.601@example.com,+15550601,Silver,"Boston",25
602,"Daniel Walker",daniel.walker.602@example.com,+15550602,Silver,"Toronto",32
603,"Amy Garcia",amy.garcia.603@example.com,+15550603,Silver,"Seattle",48
604,"Matthew Cruz",matthew.cruz.604@example.com,+15550604,Gold,"Los Angeles",33
605,"Rachel Moore",rachel.moore.605@example.com,+15550605,Bronze,"Sydney",22
606,"Carol Brown",carol.brown.606@example.com,+15550606,Bronze,"Tokyo",35
607,"Shirley Taylor",shirley.taylor.607@example.com,+15550607,Platinum,"Dubai",60
608,"Richard Lee",richard.lee.608@example.com,+15550608,Gold,"Paris",48
609,"Sharon Nelson",sharon.nelson.609@example.com,+15550609,Platinum,"Dubai",38
610,"Brenda Allen",brenda.allen.610@example.com,+15550610,Silver,"Tokyo",30
611,"Christine Gomez",christine.gomez.611@example.com,+15550611,Silver,"Madrid",59
612,"Daniel Evans",daniel.evans.612@example.com,+15550612,Platinum,"Tokyo",65
613,"Emma Sanchez",emma.sanchez.613@example.com,+15550613,Bronze,"Berlin",65
614,"William Turner",william.turner.614@example.com,+15550614,Silver,"Singapore",50
615,"Lisa Collins",lisa.collins.615@example.com,+15550615,Silver,"San Francisco",19
616,"Paul Roberts",paul.roberts.616@example.com,+15550616,Bronze,"Dublin",40
617,"Rebecca Jackson",rebecca.jackson.617@example.com,+15550617,Silver,"Seoul",40
618,"Daniel Hall",daniel.hall.618@example.com,+15550618,Bronze,"San Francisco",31
619,"Stephanie Gonzalez",stephanie.gonzalez.619@example.com,+15550619,Bronze,"Austin",58
620,"David Stewart",david.stewart.620@example.com,+15550620,Bronze,"Chicago",35
621,"Brian Rivera",brian.rivera.621@example.com,+15550621,Gold,"Tokyo",23
622,"Rachel Carter",rachel.carter.622@example.com,+15550622,Bronze,"Rome",34
623,"Donald Gomez",donald.gomez.623@example.com,+15550623,Bronze,"New York",44
624,"Angela Hernandez",angela.hernandez.624@example.com,+15550624,Platinum,"Toronto",22
625,"Stephanie Phillips",stephanie.phillips.625@example.com,+15550625,Silver,"Sydney",39
626,"Kathleen Martinez",kathleen.martinez.626@example.com,+15550626,Gold,"Madrid",66
627,"Barbara Gutierrez",barbara.gutierrez.627@example.com,+15550627,Silver,"Austin",53
628,"Samantha Martin",samantha.martin.628@example.com,+15550628,Silver,"Chicago",28
629,"Jennifer Thomas",jennifer.thomas.629@example.com,+15550629,Gold,"Seattle",33
630,"Donna Phillips",donna.phillips.630@example.com,+15550630,Platinum,"Madrid",26
631,"Ronald Ortiz",ronald.ortiz.631@example.com,+15550631,Bronze,"Rome",63
632,"Jonathan Turner",jonathan.turner.632@example.com,+15550632,Silver,"San Francisco",46
633,"Gregory Davis",gregory.davis.633@example.com,+15550633,Bronze,"Toronto",55
634,"Stephen Martin",stephen.martin.634@example.com,+15550634,Gold,"Dublin",29
635,"Kathleen Hernandez",kathleen.hernandez.635@example.com,+15550635,Bronze,"New York",64
636,"Eric Diaz",eric.diaz.636@example.com,+15550636,Platinum,"Dubai",36
637,"Melissa Rodriguez",melissa.rodriguez.637@example.com,+15550637,Silver,"Tokyo",54
638,"Nicholas Phillips",nicholas.phillips.638@example.com,+15550638,Silver,"Boston",25
639,"Jessica Collins",jessica.collins.639@example.com,+15550639,Gold,"Berlin",59
640,"Susan Flores",susan.flores.640@example.com,+15550640,Gold,"Dublin",26
641,"Dorothy Miller",dorothy.miller.641@example.com,+15550641,Bronze,"Seattle",42
642,"Helen Carter",helen.carter.642@example.com,+15550642,Silver,"Berlin",48
643,"Paul Parker",paul.parker.643@example.com,+15550643,Bronze,"Paris",26
644,"Mark Nelson",mark.nelson.644@example.com,+15550644,Bronze,"Dubai",57
645,"Emily Gomez",emily.gomez.645@example.com,+15550645,Gold,"Seoul",23
646,"Robert Jackson",robert.jackson.646@example.com,+15550646,Platinum,"Chicago",49
647,"Nancy Moore",nancy.moore.647@example.com,+15550647,Gold,"Seattle",19
648,"Gregory Moore",gregory.moore.648@example.com,+15550648,Gold,"Berlin",22
649,"Eric Murphy",eric.murphy.649@example.com,+15550649,Bronze,"New York",63
650,"Benjamin Perez",benjamin.perez.650@example.com,+15550650,Gold,"Rome",65
651,"James Turner",james.turner.651@example.com,+15550651,Bronze,"Seattle",30
652,"Betty Morris",betty.morris.652@example.com,+15550652,Bronze,"Dublin",25
653,"Gregory Robinson",gregory.robinson.653@example.com,+15550653,Bronze,"London",59
654,"Deborah Wilson",deborah.wilson.654@example.com,+15550654,Silver,"Seattle",20
655,"Sharon Harris",sharon.harris.655@example.com,+15550655,Silver,"Paris",31
656,"Amanda Nguyen",amanda.nguyen.656@example.com,+15550656,Gold,"Singapore",54
657,"Katherine Campbell",katherine.campbell.657@example.com,+15550657,Bronze,"Seoul",28
658,"Jacob Gonzalez",jacob.gonzalez.658@example.com,+15550658,Bronze,"Dubai",19
659,"Ashley Baker",ashley.baker.659@example.com,+15550659,Silver,"Paris",36
660,"Rachel White",rachel.white.660@example.com,+15550660,Gold,"Toronto",62
661,"Margaret Martin",margaret.martin.661@example.com,+15550661,Bronze,"Seoul",33
662,"Laura Anderson",laura.anderson.662@example.com,+15550662,Bronze,"Seattle",64
663,"Carlos Green",carlos.green.663@example.com,+15550663,Silver,"Toronto",43
664,"Nicole Sanchez",nicole.sanchez.664@example.com,+15550664,Gold,"Singapore",45
665,"Gregory Gutierrez",gregory.gutierrez.665@example.com,+15550665,Silver,"Sydney",67
666,"Joshua Cook",joshua.cook.666@example.com,+15550666,Silver,"Seoul",51
667,"Alexander Gutierrez",alexander.gutierrez.667@example.com,+15550667,Platinum,"New York",45
668,"Lisa Gonzalez",lisa.gonzalez.668@example.com,+15550668,Platinum,"Chicago",43
669,"Cynthia Miller",cynthia.miller.669@example.com,+15550669,Silver,"Los Angeles",43
670,"Paul Edwards",paul.edwards.670@example.com,+15550670,Bronze,"Paris",19
671,"Nicole Diaz",nicole.diaz.671@example.com,+15550671,Silver,"London",51
672,"Sandra Sanchez",sandra.sanchez.672@example.com,+15550672,Gold,"Mumbai",34
673,"Jason Carter",jason.carter.673@example.com,+15550673,Silver,"Sydney",58
674,"Edward Stewart",edward.stewart.674@example.com,+15550674,Silver,"Chicago",31
675,"Rebecca Roberts",rebecca.roberts.675@example.com,+15550675,Gold,"London",38
676,"Thomas Turner",thomas.turner.676@example.com,+15550676,Gold,"Toronto",57
677,"Ashley Brown",ashley.brown.677@example.com,+15550677,Bronze,"Paris",18
678,"Karen Taylor",karen.taylor.678@example.com,+15550678,Silver,"Dubai",45
679,"Karen Morris",karen.morris.679@example.com,+15550679,Gold,"Madrid",39
680,"Jonathan Allen",jonathan.allen.680@example.com,+15550680,Silver,"Austin",30
681,"Paul Davis",paul.davis.681@example.com,+15550681,Gold,"Boston",36
682,"Margaret Taylor",margaret.taylor.682@example.com,+15550682,Silver,"Seoul",29
683,"Helen Robinson",helen.robinson.683@example.com,+15550683,Silver,"Mumbai",18
684,"Carol Smith",carol.smith.684@example.com,+15550684,Bronze,"Chicago",37
685,"Sarah Stewart",sarah.stewart.685@example.com,+15550685,Bronze,"Toronto",55
686,"Jacob Evans",jacob.evans.686@example.com,+15550686,Bronze,"Dubai",52
687,"Dorothy Gonzalez",dorothy.gonzalez.687@example.com,+15550687,Gold,"Boston",43
688,"Deborah Phillips",deborah.phillips.688@example.com,+15550688,Bronze,"London",38
689,"Rachel Williams",rachel.williams.689@example.com,+15550689,Bronze,"New York",50
690,"Barbara Phillips",barbara.phillips.690@example.com,+15550690,Bronze,"Austin",21
691,"Jason Moore",jason.moore.691@example.com,+15550691,Platinum,"New York",34
692,"Sandra Rodriguez",sandra.rodriguez.692@example.com,+15550692,Gold,"Sydney",50
693,"Kevin Jackson",kevin.jackson.693@example.com,+15550693,Bronze,"Dublin",33
694,"Karen Cook",karen.cook.694@example.com,+15550694,Silver,"Rome",40
695,"Amy Campbell",amy.campbell.695@example.com,+15550695,Platinum,"Paris",40
696,"Nancy Young",nancy.young.696@example.com,+15550696,Bronze,"Paris",42
697,"Matthew Lee",matthew.lee.697@example.com,+15550697,Bronze,"Boston",53
698,"Charles Wilson",charles.wilson.698@example.com,+15550698,Bronze,"Austin",46
699,"Benjamin Nelson",benjamin.nelson.699@example.com,+15550699,Bronze,"Seoul",37
700,"Kenneth Johnson",kenneth.johnson.700@example.com,+15550700,Gold,"New York",23
701,"Richard Evans",richard.evans.701@example.com,+15550701,Silver,"Rome",29
702,"Christopher Taylor",christopher.taylor.702@example.com,+15550702,Bronze,"Dublin",23
703,"Susan Ortiz",susan.ortiz.703@example.com,+15550703,Bronze,"New York",39
704,"Michelle Lopez",michelle.lopez.704@example.com,+15550704,Gold,"Dublin",18
705,"Sandra Gomez",sandra.gomez.705@example.com,+15550705,Bronze,"Tokyo",27
706,"Donna Green",donna.green.706@example.com,+15550706,Silver,"Chicago",67
707,"Helen Young",helen.young.707@example.com,+15550707,Platinum,"Dublin",41
708,"Shirley Walker",shirley.walker.708@example.com,+15550708,Platinum,"Madrid",59
709,"Timothy Jackson",timothy.jackson.709@example.com,+15550709,Silver,"San Francisco",67
710,"Edward Morales",edward.morales.710@example.com,+15550710,Bronze,"Dubai",41
711,"Matthew Garcia",matthew.garcia.711@example.com,+15550711,Silver,"Los Angeles",67
712,"John Gonzalez",john.gonzalez.712@example.com,+15550712,Bronze,"London",60
713,"Pamela Nguyen",pamela.nguyen.713@example.com,+15550713,Gold,"Sydney",42
714,"Samuel Roberts",samuel.roberts.714@example.com,+15550714,Gold,"Singapore",19
715,"Gregory Robinson",gregory.robinson.715@example.com,+15550715,Platinum,"Seoul",37
716,"Michelle Williams",michelle.williams.716@example.com,+15550716,Bronze,"Madrid",26
717,"Timothy Hernandez",timothy.hernandez.717@example.com,+15550717,Bronze,"Seattle",34
718,"Rebecca Hill",rebecca.hill.718@example.com,+15550718,Bronze,"Dubai",34
719,"Charles Campbell",charles.campbell.719@example.com,+15550719,Silver,"Dublin",41
720,"Richard Morgan",richard.morgan.720@example.com,+15550720,Bronze,"Rome",38
721,"Gregory Cook",gregory.cook.721@example.com,+15550721,Platinum,"Berlin",35
722,"Charles Perez",charles.perez.722@example.com,+15550722,Gold,"Los Angeles",67
723,"Carol Anderson",carol.anderson.723@example.com,+15550723,Gold,"Tokyo",59
724,"Ashley Williams",ashley.williams.724@example.com,+15550724,Silver,"Seoul",29
725,"Sandra Reyes",sandra.reyes.725@example.com,+15550725,Silver,"Dubai",56
726,"Lisa Morales",lisa.morales.726@example.com,+15550726,Bronze,"Dublin",63
727,"Lisa Parker",lisa.parker.727@example.com,+15550727,Platinum,"Singapore",64
728,"Samuel Turner",samuel.turner.728@example.com,+15550728,Gold,"New York",51
729,"Andrew Green",andrew.green.729@example.com,+15550729,Platinum,"Singapore",18
730,"Ronald Martin",ronald.martin.730@example.com,+15550730,Silver,"Tokyo",19
731,"Pamela Baker",pamela.baker.731@example.com,+15550731,Gold,"London",18
732,"Anthony Roberts",anthony.roberts.732@example.com,+15550732,Bronze,"Dubai",43
733,"Karen Clark",karen.clark.733@example.com,+15550733,Silver,"Sydney",46
734,"Angela Jones",angela.jones.734@example.com,+15550734,Silver,"Singapore",49
735,"Barbara Moore",barbara.moore.735@example.com,+15550735,Silver,"Boston",27
736,"Andrew Campbell",andrew.campbell.736@example.com,+15550736,Bronze,"Chicago",29
737,"Andrew Nelson",andrew.nelson.737@example.com,+15550737,Gold,"Berlin",57
738,"Gregory Parker",gregory.parker.738@example.com,+15550738,Silver,"Dubai",67
739,"Margaret Phillips",margaret.phillips.739@example.com,+15550739,Platinum,"London",61
740,"Nancy Rodriguez",nancy.rodriguez.740@example.com,+15550740,Silver,"Dublin",46
741,"Helen Gutierrez",helen.gutierrez.741@example.com,+15550741,Gold,"Seoul",34
742,"Shirley Lee",shirley.lee.742@example.com,+15550742,Silver,"Tokyo",44
743,"Gregory Parker",gregory.parker.743@example.com,+15550743,Silver,"Austin",37
744,"Alexander Martinez",alexander.martinez.744@example.com,+15550744,Platinum,"Dublin",23
745,"Samantha Garcia",samantha.garcia.745@example.com,+15550745,Silver,"New York",47
746,"Susan Moore",susan.moore.746@example.com,+15550746,Gold,"Sydney",34
747,"Kimberly Green",kimberly.green.747@example.com,+15550747,Gold,"Berlin",27
748,"Mark Stewart",mark.stewart.748@example.com,+15550748,Gold,"Rome",44
749,"Dorothy Thomas",dorothy.thomas.749@example.com,+15550749,Silver,"Paris",26
750,"Brandon Jones",brandon.jones.750@example.com,+15550750,Gold,"Berlin",57
751,"Margaret Wright",margaret.wright.751@example.com,+15550751,Gold,"Tokyo",21
752,"George Flores",george.flores.752@example.com,+15550752,Bronze,"Rome",29
753,"Melissa Campbell",melissa.campbell.753@example.com,+15550753,Gold,"Mumbai",52
754,"Susan Young",susan.young.754@example.com,+15550754,Silver,"Tokyo",45
755,"Larry Walker",larry.walker.755@example.com,+15550755,Bronze,"Austin",35
756,"Pamela Gomez",pamela.gomez.756@example.com,+15550756,Bronze,"Toronto",65
757,"George Collins",george.collins.757@example.com,+15550757,Gold,"Los Angeles",35
758,"Jennifer Perez",jennifer.perez.758@example.com,+15550758,Gold,"Sydney",52
759,"Laura Roberts",laura.roberts.759@example.com,+15550759,Silver,"San Francisco",38
760,"Anthony Baker",anthony.baker.760@example.com,+15550760,Bronze,"Tokyo",66
761,"Ronald Morgan",ronald.morgan.761@example.com,+15550761,Gold,"San Francisco",53
762,"Jeffrey Morales",jeffrey.morales.762@example.com,+15550762,Gold,"Tokyo",66
763,"Jacob Hernandez",jacob.hernandez.763@example.com,+15550763,Gold,"Rome",45
764,"William Edwards",william.edwards.764@example.com,+15550764,Platinum,"Austin",36
765,"Angela Jackson",angela.jackson.765@example.com,+15550765,Platinum,"Seattle",33
766,"Mary Flores",mary.flores.766@example.com,+15550766,Silver,"Berlin",43
767,"Jennifer Collins",jennifer.collins.767@example.com,+15550767,Gold,"New York",53
768,"Ryan Roberts",ryan.roberts.768@example.com,+15550768,Silver,"London",52
769,"Amanda Walker",amanda.walker.769@example.com,+15550769,Gold,"Los Angeles",51
770,"Debra Thomas",debra.thomas.770@example.com,+15550770,Silver,"Madrid",33
771,"Christine Wilson",christine.wilson.771@example.com,+15550771,Bronze,"Los Angeles",45
772,"Sandra Collins",sandra.collins.772@example.com,+15550772,Bronze,"Seoul",51
773,"Timothy Jones",timothy.jones.773@example.com,+15550773,Bronze,"Seattle",20
774,"James Wright",james.wright.774@example.com,+15550774,Gold,"New York",49
775,"Emily Ramirez",emily.ramirez.775@example.com,+15550775,Bronze,"New York",55
776,"Debra Morgan",debra.morgan.776@example.com,+15550776,Platinum,"Boston",47
777,"Steven King",steven.king.777@example.com,+15550777,Silver,"Seoul",36
778,"Shirley White",shirley.white.778@example.com,+15550778,Silver,"Chicago",26
779,"Anthony Baker",anthony.baker.779@example.com,+15550779,Bronze,"Seattle",24
780,"Jonathan Green",jonathan.green.780@example.com,+15550780,Bronze,"Mumbai",18
781,"Thomas Phillips",thomas.phillips.781@example.com,+15550781,Gold,"Chicago",56
782,"Jonathan Wilson",jonathan.wilson.782@example.com,+15550782,Silver,"Berlin",67
783,"Lisa Campbell",lisa.campbell.783@example.com,+15550783,Bronze,"Boston",30
784,"Thomas Anderson",thomas.anderson.784@example.com,+15550784,Gold,"Toronto",44
785,"Jeffrey Lewis",jeffrey.lewis.785@example.com,+15550785,Silver,"Boston",27
786,"Donald Flores",donald.flores.786@example.com,+15550786,Platinum,"Madrid",63
787,"Justin Martinez",justin.martinez.787@example.com,+15550787,Bronze,"Mumbai",27
788,"Dorothy Green",dorothy.green.788@example.com,+15550788,Bronze,"London",44
789,"Brian Lewis",brian.lewis.789@example.com,+15550789,Gold,"London",45
790,"Laura Young",laura.young.790@example.com,+15550790,Gold,"Paris",50
791,"Helen Flores",helen.flores.791@example.com,+15550791,Platinum,"London",65
792,"Donald Adams",donald.adams.792@example.com,+15550792,Gold,"Tokyo",32
793,"Robert Nelson",robert.nelson.793@example.com,+15550793,Silver,"Dubai",63
794,"Jacob Ortiz",jacob.ortiz.794@example.com,+15550794,Silver,"Boston",19
795,"Richard Taylor",richard.taylor.795@example.com,+15550795,Bronze,"Austin",61
796,"Linda Wright",linda.wright.796@example.com,+15550796,Silver,"Dublin",28
797,"Debra Gutierrez",debra.gutierrez.797@example.com,+15550797,Gold,"Austin",62
798,"Joshua Gonzalez",joshua.gonzalez.798@example.com,+15550798,Bronze,"Tokyo",53
799,"Ronald Allen",ronald.allen.799@example.com,+15550799,Gold,"London",44
800,"Michael Wilson",michael.wilson.800@example.com,+15550800,Bronze,"Sydney",19
801,"Elizabeth Sanchez",elizabeth.sanchez.801@example.com,+15550801,Silver,"Tokyo",23
802,"Joshua Ortiz",joshua.ortiz.802@example.com,+15550802,Silver,"Austin",35
803,"Sandra Thomas",sandra.thomas.803@example.com,+15550803,Gold,"Rome",55
804,"Jennifer Young",jennifer.young.804@example.com,+15550804,Gold,"Seoul",23
805,"Shirley Torres",shirley.torres.805@example.com,+15550805,Bronze,"Madrid",29
806,"Emma Campbell",emma.campbell.806@example.com,+15550806,Gold,"Boston",61
807,"Kathleen Moore",kathleen.moore.807@example.com,+15550807,Bronze,"San Francisco",57
808,"Gregory Gonzalez",gregory.gonzalez.808@example.com,+15550808,Silver,"Dublin",49
809,"Gary Lopez",gary.lopez.809@example.com,+15550809,Bronze,"Austin",54
810,"George Phillips",george.phillips.810@example.com,+15550810,Bronze,"Los Angeles",61
811,"Amy Turner",amy.turner.811@example.com,+15550811,Bronze,"Dubai",66
812,"Cynthia Cooper",cynthia.cooper.812@example.com,+15550812,Gold,"Boston",39
813,"James Jackson",james.jackson.813@example.com,+15550813,Silver,"Seoul",61
814,"Brian Miller",brian.miller.814@example.com,+15550814,Silver,"Paris",53
815,"Gregory Gomez",gregory.gomez.815@example.com,+15550815,Bronze,"Dublin",35
816,"Benjamin Phillips",benjamin.phillips.816@example.com,+15550816,Platinum,"Sydney",41
817,"Timothy Edwards",timothy.edwards.817@example.com,+15550817,Platinum,"Singapore",25
818,"John Reyes",john.reyes.818@example.com,+15550818,Bronze,"Dubai",21
819,"Pamela Hernandez",pamela.hernandez.819@example.com,+15550819,Gold,"Sydney",49
820,"Margaret Moore",margaret.moore.820@example.com,+15550820,Platinum,"Tokyo",39
821,"Mary Jackson",mary.jackson.821@example.com,+15550821,Silver,"Paris",20
822,"Jason Nguyen",jason.nguyen.822@example.com,+15550822,Silver,"Toronto",57
823,"Jason Morgan",jason.morgan.823@example.com,+15550823,Silver,"Seattle",46
824,"Justin Harris",justin.harris.824@example.com,+15550824,Silver,"Los Angeles",19
825,"Jeffrey Evans",jeffrey.evans.825@example.com,+15550825,Silver,"London",39
826,"Joshua King",joshua.king.826@example.com,+15550826,Silver,"Los Angeles",66
827,"Melissa Gutierrez",melissa.gutierrez.827@example.com,+15550827,Bronze,"London",19
828,"Dorothy Gutierrez",dorothy.gutierrez.828@example.com,+15550828,Bronze,"Berlin",28
829,"Christine Adams",christine.adams.829@example.com,+15550829,Platinum,"Chicago",46
830,"Jeffrey Lopez",jeffrey.lopez.830@example.com,+15550830,Silver,"Los Angeles",44
831,"Ryan Murphy",ryan.murphy.831@example.com,+15550831,Silver,"Mumbai",40
832,"William Evans",william.evans.832@example.com,+15550832,Bronze,"Seoul",64
833,"Thomas Cooper",thomas.cooper.833@example.com,+15550833,Silver,"Rome",36
834,"Sharon Lee",sharon.lee.834@example.com,+15550834,Bronze,"Los Angeles",24
835,"Patricia Young",patricia.young.835@example.com,+15550835,Bronze,"Toronto",64
836,"Laura White",laura.white.836@example.com,+15550836,Gold,"Berlin",22
837,"Alexander Smith",alexander.smith.837@example.com,+15550837,Gold,"Berlin",49
838,"Stephanie Morales",stephanie.morales.838@example.com,+15550838,Gold,"New York",62
839,"Dorothy Wright",dorothy.wright.839@example.com,+15550839,Silver,"Tokyo",36
840,"Emily Lewis",emily.lewis.840@example.com,+15550840,Silver,"Paris",33
841,"Ashley Edwards",ashley.edwards.841@example.com,+15550841,Gold,"New York",60
842,"Ronald Phillips",ronald.phillips.842@example.com,+15550842,Gold,"Rome",36
843,"Ashley Brown",ashley.brown.843@example.com,+15550843,Silver,"Chicago",62
844,"Carol Campbell",carol.campbell.844@example.com,+15550844,Gold,"Seoul",41
845,"James Walker",james.walker.845@example.com,+15550845,Silver,"Toronto",28
846,"Rebecca Garcia",rebecca.garcia.846@example.com,+15550846,Bronze,"New York",54
847,"Samantha Gonzalez",samantha.gonzalez.847@example.com,+15550847,Silver,"New York",19
848,"Michael Sanchez",michael.sanchez.848@example.com,+15550848,Silver,"Boston",51
849,"Deborah Anderson",deborah.anderson.849@example.com,+15550849,Silver,"Dubai",67
850,"Andrew Gonzalez",andrew.gonzalez.850@example.com,+15550850,Silver,"Rome",32
851,"Stephen Mitchell",stephen.mitchell.851@example.com,+15550851,Gold,"Paris",20
852,"Helen Clark",helen.clark.852@example.com,+15550852,Gold,"Seattle",24
853,"Jeffrey Phillips",jeffrey.phillips.853@example.com,+15550853,Silver,"Rome",28
854,"Patricia Jackson",patricia.jackson.854@example.com,+15550854,Bronze,"Dublin",29
855,"Anthony Harris",anthony.harris.855@example.com,+15550855,Gold,"Seoul",49
856,"Mark Gutierrez",mark.gutierrez.856@example.com,+15550856,Bronze,"Sydney",26
857,"Dorothy Perez",dorothy.perez.857@example.com,+15550857,Bronze,"Boston",56
858,"Brenda Parker",brenda.parker.858@example.com,+15550858,Gold,"Seattle",33
859,"Brian Nguyen",brian.nguyen.859@example.com,+15550859,Bronze,"Singapore",36
860,"Lisa Jackson",lisa.jackson.860@example.com,+15550860,Bronze,"Rome",27
861,"Richard Johnson",richard.johnson.861@example.com,+15550861,Bronze,"San Francisco",21
862,"Betty Clark",betty.clark.862@example.com,+15550862,Bronze,"Los Angeles",64
863,"Edward Phillips",edward.phillips.863@example.com,+15550863,Silver,"Paris",60
864,"Rebecca Johnson",rebecca.johnson.864@example.com,+15550864,Gold,"Singapore",65
865,"Richard Hernandez",richard.hernandez.865@example.com,+15550865,Silver,"Singapore",40
866,"Jennifer Nelson",jennifer.nelson.866@example.com,+15550866,Silver,"Paris",32
867,"Helen Thompson",helen.thompson.867@example.com,+15550867,Silver,"Seoul",64
868,"Sarah Jackson",sarah.jackson.868@example.com,+15550868,Bronze,"Dubai",44
869,"Charles Edwards",charles.edwards.869@example.com,+15550869,Bronze,"Mumbai",40
870,"Pamela Lopez",pamela.lopez.870@example.com,+15550870,Silver,"Boston",45
871,"Sarah Hall",sarah.hall.871@example.com,+15550871,Gold,"Madrid",64
872,"Barbara Taylor",barbara.taylor.872@example.com,+15550872,Silver,"Boston",38
873,"Steven Thompson",steven.thompson.873@example.com,+15550873,Bronze,"Boston",34
874,"Larry Wilson",larry.wilson.874@example.com,+15550874,Gold,"Chicago",48
875,"Barbara Parker",barbara.parker.875@example.com,+15550875,Silver,"New York",54
876,"Jason Mitchell",jason.mitchell.876@example.com,+15550876,Silver,"Seoul",64
877,"Edward Martin",edward.martin.877@example.com,+15550877,Silver,"Dubai",49
878,"Ashley Phillips",ashley.phillips.878@example.com,+15550878,Platinum,"Mumbai",48
879,"Samuel Hill",samuel.hill.879@example.com,+15550879,Silver,"Boston",58
880,"Patricia Thompson",patricia.thompson.880@example.com,+15550880,Gold,"Tokyo",27
881,"Pamela Allen",pamela.allen.881@example.com,+15550881,Platinum,"Seattle",23
882,"Kathleen Harris",kathleen.harris.882@example.com,+15550882,Platinum,"Rome",22
883,"Barbara Hill",barbara.hill.883@example.com,+15550883,Gold,"Dubai",32
884,"Steven Gomez",steven.gomez.884@example.com,+15550884,Silver,"Mumbai",31
885,"Donna Jackson",donna.jackson.885@example.com,+15550885,Bronze,"Dubai",59
886,"Carlos Garcia",carlos.garcia.886@example.com,+15550886,Bronze,"Seoul",44
887,"Sandra Morales",sandra.morales.887@example.com,+15550887,Bronze,"Paris",37
888,"Cynthia Diaz",cynthia.diaz.888@example.com,+15550888,Gold,"London",28
889,"Susan Lee",susan.lee.889@example.com,+15550889,Gold,"Chicago",41
890,"Carol Campbell",carol.campbell.890@example.com,+15550890,Bronze,"Rome",21
891,"Barbara Wright",barbara.wright.891@example.com,+15550891,Bronze,"Boston",61
892,"Helen Morgan",helen.morgan.892@example.com,+15550892,Gold,"Boston",65
893,"Shirley Lewis",shirley.lewis.893@example.com,+15550893,Bronze,"Mumbai",33
894,"Emily Cooper",emily.cooper.894@example.com,+15550894,Silver,"Seattle",66
895,"Kimberly Reyes",kimberly.reyes.895@example.com,+15550895,Silver,"Seoul",21
896,"Angela Phillips",angela.phillips.896@example.com,+15550896,Gold,"Singapore",54
897,"Cynthia Green",cynthia.green.897@example.com,+15550897,Gold,"Sydney",32
898,"Justin Mitchell",justin.mitchell.898@example.com,+15550898,Silver,"Austin",18
899,"Nicholas Young",nicholas.young.899@example.com,+15550899,Bronze,"Dublin",67
900,"Stephen Flores",stephen.flores.900@example.com,+15550900,Gold,"Austin",30
901,"Andrew Stewart",andrew.stewart.901@example.com,+15550901,Gold,"Toronto",51
902,"Gregory Brown",gregory.brown.902@example.com,+15550902,Gold,"Chicago",43
903,"Jennifer Taylor",jennifer.taylor.903@example.com,+15550903,Gold,"Sydney",58
904,"Karen Sanchez",karen.sanchez.904@example.com,+15550904,Gold,"London",43
905,"Betty Lee",betty.lee.905@example.com,+15550905,Bronze,"Dubai",50
906,"Dorothy Sanchez",dorothy.sanchez.906@example.com,+15550906,Bronze,"Paris",42
907,"Kathleen Turner",kathleen.turner.907@example.com,+15550907,Gold,"Sydney",35
908,"Lisa Stewart",lisa.stewart.908@example.com,+15550908,Gold,"Sydney",54
909,"Mary Anderson",mary.anderson.909@example.com,+15550909,Bronze,"Singapore",56
910,"Daniel Taylor",daniel.taylor.910@example.com,+15550910,Silver,"Tokyo",67
911,"Nancy Hill",nancy.hill.911@example.com,+15550911,Gold,"Los Angeles",37
912,"Benjamin Edwards",benjamin.edwards.912@example.com,+15550912,Bronze,"Mumbai",36
913,"Brenda Adams",brenda.adams.913@example.com,+15550913,Silver,"Sydney",41
914,"Brenda Clark",brenda.clark.914@example.com,+15550914,Silver,"San Francisco",23
915,"Kimberly Young",kimberly.young.915@example.com,+15550915,Gold,"London",36
916,"John Martinez",john.martinez.916@example.com,+15550916,Silver,"Paris",58
917,"Jacob Collins",jacob.collins.917@example.com,+15550917,Bronze,"Austin",38
918,"Joseph Williams",joseph.williams.918@example.com,+15550918,Silver,"Berlin",67
919,"Brandon Miller",brandon.miller.919@example.com,+15550919,Silver,"San Francisco",56
920,"Samuel Flores",samuel.flores.920@example.com,+15550920,Gold,"Dublin",19
921,"Joshua Stewart",joshua.stewart.921@example.com,+15550921,Bronze,"Dubai",37
922,"John Hernandez",john.hernandez.922@example.com,+15550922,Silver,"Singapore",62
923,"Mark Jackson",mark.jackson.923@example.com,+15550923,Silver,"Tokyo",37
924,"Dorothy Thomas",dorothy.thomas.924@example.com,+15550924,Gold,"Seattle",67
925,"Elizabeth Brown",elizabeth.brown.925@example.com,+15550925,Platinum,"London",55
926,"Jason Johnson",jason.johnson.926@example.com,+15550926,Silver,"Los Angeles",21
927,"Ryan Miller",ryan.miller.927@example.com,+15550927,Bronze,"Sydney",44
928,"Alexander Wright",alexander.wright.928@example.com,+15550928,Gold,"Paris",56
929,"Helen Garcia",helen.garcia.929@example.com,+15550929,Silver,"Los Angeles",65
930,"George Morgan",george.morgan.930@example.com,+15550930,Gold,"Austin",30
931,"Stephen Ramirez",stephen.ramirez.931@example.com,+15550931,Silver,"New York",45
932,"Edward Lopez",edward.lopez.932@example.com,+15550932,Gold,"Berlin",47
933,"Christopher Cook",christopher.cook.933@example.com,+15550933,Silver,"Rome",45
934,"Samuel Harris",samuel.harris.934@example.com,+15550934,Gold,"Mumbai",23
935,"Matthew Diaz",matthew.diaz.935@example.com,+15550935,Silver,"Seattle",53
936,"Amanda Martinez",amanda.martinez.936@example.com,+15550936,Gold,"Madrid",46
937,"Amy Morgan",amy.morgan.937@example.com,+15550937,Gold,"Madrid",35
938,"Dorothy Jackson",dorothy.jackson.938@example.com,+15550938,Platinum,"Dubai",48
939,"Joshua Cruz",joshua.cruz.939@example.com,+15550939,Gold,"Los Angeles",31
940,"Sandra Thompson",sandra.thompson.940@example.com,+15550940,Bronze,"Los Angeles",35
941,"Dorothy Sanchez",dorothy.sanchez.941@example.com,+15550941,Gold,"Austin",61
942,"Richard Morales",richard.morales.942@example.com,+15550942,Silver,"San Francisco",50
943,"Lisa Lee",lisa.lee.943@example.com,+15550943,Gold,"Madrid",32
944,"Samuel Hill",samuel.hill.944@example.com,+15550944,Gold,"Tokyo",25
945,"Thomas Sanchez",thomas.sanchez.945@example.com,+15550945,Silver,"Paris",58
946,"Alexander Carter",alexander.carter.946@example.com,+15550946,Platinum,"Austin",26
947,"Anthony Diaz",anthony.diaz.947@example.com,+15550947,Gold,"London",26
948,"Shirley Thomas",shirley.thomas.948@example.com,+15550948,Bronze,"Rome",26
949,"Pamela Phillips",pamela.phillips.949@example.com,+15550949,Platinum,"Seoul",66
950,"Margaret Anderson",margaret.anderson.950@example.com,+15550950,Bronze,"Tokyo",24
951,"Karen Taylor",karen.taylor.951@example.com,+15550951,Platinum,"Seattle",66
952,"Karen Lopez",karen.lopez.952@example.com,+15550952,Silver,"Seattle",26
953,"Joshua Anderson",joshua.anderson.953@example.com,+15550953,Gold,"Sydney",29
954,"Carlos Morris",carlos.morris.954@example.com,+15550954,Silver,"Seattle",55
955,"Patricia Scott",patricia.scott.955@example.com,+15550955,Silver,"San Francisco",32
956,"Emily Rodriguez",emily.rodriguez.956@example.com,+15550956,Bronze,"Austin",25
957,"Shirley Nelson",shirley.nelson.957@example.com,+15550957,Silver,"Mumbai",34
958,"Donna Thomas",donna.thomas.958@example.com,+15550958,Silver,"Boston",35
959,"Donald Lee",donald.lee.959@example.com,+15550959,Gold,"Singapore",27
960,"Amanda Clark",amanda.clark.960@example.com,+15550960,Bronze,"London",64
961,"Robert Flores",robert.flores.961@example.com,+15550961,Platinum,"San Francisco",27
962,"Pamela Morris",pamela.morris.962@example.com,+15550962,Gold,"Madrid",44
963,"Laura Anderson",laura.anderson.963@example.com,+15550963,Silver,"Singapore",36
964,"Nancy Reyes",nancy.reyes.964@example.com,+15550964,Silver,"Austin",44
965,"Brandon Martin",brandon.martin.965@example.com,+15550965,Gold,"Chicago",39
966,"Helen Stewart",helen.stewart.966@example.com,+15550966,Gold,"Singapore",24
967,"Mark Roberts",mark.roberts.967@example.com,+15550967,Silver,"Dublin",48
968,"Rachel Scott",rachel.scott.968@example.com,+15550968,Platinum,"Dubai",25
969,"Elizabeth Gomez",elizabeth.gomez.969@example.com,+15550969,Bronze,"Seoul",24
970,"Charles Allen",charles.allen.970@example.com,+15550970,Gold,"Singapore",40
971,"Jason Nelson",jason.nelson.971@example.com,+15550971,Silver,"London",52
972,"Nicole Evans",nicole.evans.972@example.com,+15550972,Silver,"Boston",54
973,"Joshua Ortiz",joshua.ortiz.973@example.com,+15550973,Bronze,"San Francisco",54
974,"Rebecca Miller",rebecca.miller.974@example.com,+15550974,Gold,"Seattle",32
975,"Brian Green",brian.green.975@example.com,+15550975,Bronze,"Rome",33
976,"Kevin Green",kevin.green.976@example.com,+15550976,Bronze,"Dubai",29
977,"Anna Lewis",anna.lewis.977@example.com,+15550977,Gold,"Chicago",53
978,"Jacob Green",jacob.green.978@example.com,+15550978,Bronze,"San Francisco",50
979,"Jessica Evans",jessica.evans.979@example.com,+15550979,Platinum,"Austin",53
980,"Jennifer Martin",jennifer.martin.980@example.com,+15550980,Silver,"Toronto",43
981,"Gregory Morris",gregory.morris.981@example.com,+15550981,Gold,"Madrid",24
982,"Edward Wilson",edward.wilson.982@example.com,+15550982,Platinum,"Paris",34
983,"Charles Martin",charles.martin.983@example.com,+15550983,Gold,"Tokyo",29
984,"Angela Hall",angela.hall.984@example.com,+15550984,Bronze,"Sydney",26
985,"James Brown",james.brown.985@example.com,+15550985,Bronze,"Tokyo",47
986,"Mark Edwards",mark.edwards.986@example.com,+15550986,Silver,"Rome",28
987,"Gregory King",gregory.king.987@example.com,+15550987,Silver,"Tokyo",56
988,"Brenda Nguyen",brenda.nguyen.988@example.com,+15550988,Gold,"Paris",58
989,"Andrew Morgan",andrew.morgan.989@example.com,+15550989,Bronze,"San Francisco",28
990,"Rebecca Ramirez",rebecca.ramirez.990@example.com,+15550990,Silver,"Los Angeles",44
991,"Jonathan Garcia",jonathan.garcia.991@example.com,+15550991,Bronze,"Tokyo",59
992,"David Brown",david.brown.992@example.com,+15550992,Silver,"Los Angeles",27
993,"Kathleen Taylor",kathleen.taylor.993@example.com,+15550993,Platinum,"Paris",67
994,"Joshua Edwards",joshua.edwards.994@example.com,+15550994,Gold,"Mumbai",66
995,"Gregory Taylor",gregory.taylor.995@example.com,+15550995,Silver,"Dublin",66
996,"Elizabeth Lewis",elizabeth.lewis.996@example.com,+15550996,Gold,"Boston",24
997,"Jason Torres",jason.torres.997@example.com,+15550997,Silver,"Paris",30
998,"Gregory Edwards",gregory.edwards.998@example.com,+15550998,Bronze,"Austin",48
999,"Sarah King",sarah.king.999@example.com,+15550999,Silver,"Sydney",23
1000,"Nicole Lewis",nicole.lewis.1000@example.com,+15551000,Silver,"Dublin",67
